image,event_code
10052787.thm.jpg,1
10053712.thm.jpg,2
22822309.thl.jpg,3
22827276.thl.jpg,4
22925624.thl.jpg,5
22949719.thl.jpg,6
23024623.thl.jpg,7
26369923.thl.jpg,8
26369999.thl.jpg,9
26372390.thl.jpg,10
26373407.thl.jpg,11
26374346.thl.jpg,12
26375982.thl.jpg,13
26392231.thl.jpg,14
26394018.thl.jpg,15
26418207.thl.jpg,16
26421370.thl.jpg,17
26421382.thl.jpg,18
26421740.thl.jpg,19
26422507.thl.jpg,20
26425788.thl.jpg,21
26427867.thl.jpg,22
26429130.thl.jpg,23
26431734.thl.jpg,24
26431848.thl.jpg,25
26432109.thl.jpg,26
26432173.thl.jpg,27
26432899.thl.jpg,28
26433942.thl.jpg,29
26434546.thl.jpg,30
26440422.thl.jpg,31
26441176.thl.jpg,32
26442719.thl.jpg,33
26442809.thl.jpg,34
26772997.thl.jpg,35
8020200.thl.jpg,36
8021410.thl.jpg,37
8023968.thl.jpg,38
8027656.thl.jpg,39
8029703.thl.jpg,40
8080484.thl.jpg,41
8081398.thl.jpg,42
8248852.thl.jpg,43
8250565.thl.jpg,44
8254014.thl.jpg,45
8256348.thl.jpg,46
A_coin.jpg,47
A_teabag.jpg,48
AAGATE.jpg,49
AALTIRE2.jpg,50
Aammonitefo14.jpg,51
AANTHAT2.jpg,52
AANTSTOV6.jpg,53
AARCCHAR2.jpg,54
AARMCHA25.jpg,55
AARTICHO1.jpg,56
AARTIVE6.jpg,57
AARTMELON.jpg,58
ABACCAMEL.jpg,59
ABAGEL.jpg,60
ABALLYAR4.jpg,61
ABARREL3.jpg,62
Abaseballcap.jpg,63
Abird41.jpg,64
ABLACKB14.jpg,65
Abladetablesa.jpg,66
ABLUCAND5.jpg,67
ABONGO3.jpg,68
Abottleopener.jpg,69
Abreadrolls.jpg,70
Abrownbagwith.jpg,71
Abucket51.jpg,72
ABUDDHA18.jpg,73
ABUFFALO.jpg,74
Abugle12.jpg,75
Acactus58.jpg,76
ACAESALAD.jpg,77
ACAFLATT3.jpg,78
Acanadagoose.jpg,79
ACANTELOP.jpg,80
ACAT6.jpg,81
ACHEESEB3.jpg,82
Aconchshe.jpg,83
ACREAME11.jpg,84
Acroissant.jpg,85
Adeer20.jpg,86
Adice10.jpg,87
Adog71.jpg,88
ADRIARRA2.jpg,89
AFBLADE.jpg,90
Afish57.jpg,91
Aflask19.jpg,92
Aflower102.jpg,93
Afloweredsan3.jpg,94
AFOOTST26.jpg,95
Aframedpainti.jpg,96
AGARDHOSE.jpg,97
Aglass33.jpg,98
Agrater10.jpg,99
Agrilledmeata.jpg,100
Ahandba18.jpg,101
Ahorse23.jpg,102
Ahourglass4.jpg,103
AINDIAMA3.jpg,104
AJACKOL23.jpg,105
AJOYSTIC1.jpg,106
AJUG3.jpg,107
AKEYHOL10.jpg,108
Alaundrybask2.jpg,109
Aleaf75.jpg,110
ALOVSEA10.jpg,111
AMOUSWHEE.jpg,112
Apackage3.jpg,113
Aparrot80.jpg,114
APICKLES6.jpg,115
APICNICBL.jpg,116
Apineapple3.jpg,117
APOTGOLD2.jpg,118
ARASPBER2.jpg,119
ARCMPPOL2.jpg,120
Arockingchai5.jpg,121
Arose10.jpg,122
Arunningshoe4.jpg,123
Asafetyrope.jpg,124
ASCREW24.jpg,125
Aseal3.jpg,126
ASERVICEB.jpg,127
Aslippers2.jpg,128
Astonecarvin8.jpg,129
Asunflower3.jpg,130
ATAMBOURI.jpg,131
ATOQUE4.jpg,132
Atotemp10.jpg,133
Atoycoil.jpg,134
Atoypanda.jpg,135
ATRACTWH6.jpg,136
ATURKEY11.jpg,137
Awastepaperb3.jpg,138
AWATERFL3.jpg,139
AWINTGLO3.jpg,140
AWINTSOC2.jpg,141
AWOODBIN.jpg,142
Azebra8.jpg,143
B_orange.jpg,144
blueberriespack.jpg,145
broccoli.jpg,146
carseat.jpg,147
cinnamonroll.jpg,148
D_stove.jpg,149
DSCN3767-sm.jpg,150
dustpan02.jpg,151
football.JPG,152
orientalvase.jpg,153
pinkhoodie.jpg,154
pretzel.jpg,155
redonion.jpg,156
seahorse.jpg,157
wok.jpg,158
womanpants.jpg,159
woodvase.jpg,160
